id,name,model_id:id,group_id:id,perm_read,perm_write,perm_create,perm_unlink
access_purchase_request_user,Purchase Request User,model_purchase_request,group_purchase_request_user,1,1,1,0
access_purchase_request_approver,Purchase Request Approver,model_purchase_request,group_purchase_request_approver,1,1,1,0
access_purchase_request_admin,Purchase Request Admin,model_purchase_request,group_purchase_request_admin,1,1,1,1
access_purchase_request_line_user,Purchase Request Line User,model_purchase_request_line,group_purchase_request_user,1,1,1,0
access_purchase_request_line_approver,Purchase Request Line Approver,model_purchase_request_line,group_purchase_request_approver,1,1,1,0
access_purchase_request_line_admin,Purchase Request Line Admin,model_purchase_request_line,group_purchase_request_admin,1,1,1,1
access_purchase_request_approval_hierarchy_user,Purchase Request Approval Hierarchy User,model_purchase_request_approval_hierarchy,group_purchase_request_user,1,0,0,0
access_purchase_request_approval_hierarchy_approver,Purchase Request Approval Hierarchy Approver,model_purchase_request_approval_hierarchy,group_purchase_request_approver,1,1,1,0
access_purchase_request_approval_hierarchy_admin,Purchase Request Approval Hierarchy Admin,model_purchase_request_approval_hierarchy,group_purchase_request_admin,1,1,1,1
access_purchase_request_approval_delegated_user,Purchase Request Approval Delegated User,model_purchase_request_approval_delegated,group_purchase_request_user,1,0,0,0
access_purchase_request_approval_delegated_approver,Purchase Request Approval Delegated Approver,model_purchase_request_approval_delegated,group_purchase_request_approver,1,1,1,0
access_purchase_request_approval_delegated_admin,Purchase Request Approval Delegated Admin,model_purchase_request_approval_delegated,group_purchase_request_admin,1,1,1,1
access_purchase_request_line_make_purchase_order_user,Purchase Request Line Make Purchase Order User,model_purchase_request_line_make_purchase_order,group_purchase_request_user,1,1,1,0
access_purchase_request_line_make_purchase_order_approver,Purchase Request Line Make Purchase Order Approver,model_purchase_request_line_make_purchase_order,group_purchase_request_approver,1,1,1,0
access_purchase_request_line_make_purchase_order_admin,Purchase Request Line Make Purchase Order Admin,model_purchase_request_line_make_purchase_order,group_purchase_request_admin,1,1,1,1
access_purchase_request_line_make_purchase_order_item_user,Purchase Request Line Make Purchase Order Item User,model_purchase_request_line_make_purchase_order_item,group_purchase_request_user,1,1,1,0
access_purchase_request_line_make_purchase_order_item_approver,Purchase Request Line Make Purchase Order Item Approver,model_purchase_request_line_make_purchase_order_item,group_purchase_request_approver,1,1,1,0
access_purchase_request_line_make_purchase_order_item_admin,Purchase Request Line Make Purchase Order Item Admin,model_purchase_request_line_make_purchase_order_item,group_purchase_request_admin,1,1,1,1
access_purchase_request_approval_history_user,Purchase Request Approval History User,model_purchase_request_approval_history,group_purchase_request_user,1,0,0,0
access_purchase_request_approval_history_approver,Purchase Request Approval History Approver,model_purchase_request_approval_history,group_purchase_request_approver,1,1,0,0
access_purchase_request_approval_history_admin,Purchase Request Approval History Admin,model_purchase_request_approval_history,group_purchase_request_admin,1,1,1,1
